Section,Field,Value,Status,Source
Company Information,Company Name,BeanRush Coffee,Complete,Founder input
Company Information,Industry,Food & Beverage,Complete,Founder input
Company Information,Stage,Early Stage,Complete,Founder input
Company Information,Country,India,Complete,Founder input
Company Information,City,Chandigarh,Complete,Founder input
Business,Description,"Affordable specialty coffee shops for students and young professionals, with a mobile app for zero-wait pre-ordering.",Complete,Founder input
Business,Business Model,B2C,Complete,Founder input
Business,Target Customers,Students aged 18-25 and young professionals aged 22-35 in Chandigarh seeking quality coffee at affordable prices.,Complete,Founder input
Business,Problem,"Lack of tech-enabled, affordable specialty coffee in Chandigarh — long queues and poor digital experience at existing cafes.",Complete,Founder input
Business,Solution,Mobile app-enabled grab-and-go specialty coffee kiosks in high-footfall areas with a loyalty rewards program.,Complete,Founder input
Goals,Primary Goal,Launch the company,Complete,Founder input
Goals,Short-Term Goals,"Open first location in Sector 17 Chandigarh within 3 months, reach 500 app downloads in first month.",Complete,Founder input
Goals,Long-Term Goals,"Expand to 5 locations in Punjab within 2 years, ₹5 crore annual revenue by Year 3.",Complete,Founder input
Finance,Current Budget,₹8.5 lakh,Complete,Founder input
Finance,Expected Monthly Revenue,₹1.5 lakh per month by Month 3,Complete,Founder input
Finance,Monthly Operating Budget,"₹88,000 per month",Complete,Founder input
Finance,Funding Status,Bootstrapped,Complete,Founder input
Team & Operations,Team Size,2-5,Complete,Founder input
Team & Operations,Founder Role,Founder & CEO,Complete,Founder input
Team & Operations,Team Skills,"Coffee industry knowledge, business development, basic marketing",Complete,Founder input
Team & Operations,Departments,"Operations, Marketing",Complete,Founder input
Objective,Business Objective,"I want to launch BeanRush Coffee in Chandigarh within the next 6 months, attract students and young professionals as primary customers, and reach ₹5 lakh monthly revenue. I need a complete go-to-market strategy, financial model, and marketing plan including a mobile app strategy.",Complete,Founder input
Profile Readiness,Company Information,Complete,Complete,Founder input
Profile Readiness,Business Model & Description,Complete,Complete,Founder input
Profile Readiness,Target Customer,Complete,Complete,Founder input
Profile Readiness,Problem & Solution,Complete,Complete,Founder input
Profile Readiness,Goals,Complete,Complete,Founder input
Profile Readiness,Financial Information,Complete,Complete,Founder input
Profile Readiness,Team & Operations,Complete,Complete,Founder input
Profile Readiness,Business Objective,Complete,Complete,Founder input
Profile Readiness,Overall Completion,8/8 (100%),,
Recommendations,Recommendation 1,Prioritize the mobile app as the primary brand differentiator — no Chandigarh competitor offers zero-wait ordering,,CompanyOS AI
Recommendations,Recommendation 2,Negotiate a rent-free first 3 months with the Sector 17 landlord given the high fit-out investment,,CompanyOS AI
Recommendations,Recommendation 3,Lock in a fixed-price Arabica supply contract with a Coorg estate for 12 months to hedge against price volatility,,CompanyOS AI
Next Steps,Step 1,Register BeanRush Coffee as a Limited Liability Partnership this week,,CompanyOS AI
Next Steps,Step 2,Contact Sector 17 Plaza commercial leasing agent for unit availability,,CompanyOS AI
Next Steps,Step 3,Shortlist 3 local app development agencies for mobile ordering app,,CompanyOS AI
Next Steps,Step 4,Begin Instagram page creation and pre-launch teaser content immediately,,CompanyOS AI
Statuses,CEO / Strategy,Completed — Prioritized Sector 17 as launch location and mobile-first strategy as primary differentiator.,Completed,CompanyOS AI
Statuses,Research,Completed — Identified 11% CAGR market growth with low penetration of tech-enabled grab-and-go models in Chandigarh.,Completed,CompanyOS AI
Statuses,Finance,Completed — Modeled ₹8.5L capex with Month 8 break-even and 62% gross margin at steady state.,Completed,CompanyOS AI
Statuses,Marketing,Completed — Recommended Instagram-first launch with university ambassador program and Swiggy/Zomato partnership.,Completed,CompanyOS AI
Statuses,Sales,Completed — Identified corporate bulk orders and subscription beans as highest-margin secondary revenue channels.,Completed,CompanyOS AI
Notes,Notes,No notes provided,,
Research,Market Overview,"The specialty coffee market in Chandigarh is growing at 11% CAGR, driven by a young, aspirational population and rising disposable incomes. The city has over 200 coffee outlets but fewer than 5 tech-enabled grab-and-go concepts, representing a clear whitespace opportunity.",,CompanyOS AI
Research,Market Size Tam,₹450 Cr,,CompanyOS AI
Research,Market Size Sam,₹120 Cr,,CompanyOS AI
Research,Market Size Som,₹18 Cr,,CompanyOS AI
Research,Target Customers #1 — Segment,Young Professionals (22–38),,CompanyOS AI
Research,Target Customers #1 — Description,"Corporate office workers and IT professionals who value speed, quality, and loyalty rewards. Located near Sector 17 and Mohali IT Park.",,CompanyOS AI
Research,Target Customers #1 — Priority,primary,,CompanyOS AI
Research,Target Customers #2 — Segment,University Students,,CompanyOS AI
Research,Target Customers #2 — Description,"Panjab University and Chandigarh University students who value Instagram-worthy experiences, app integrations, and affordable loyalty programs.",,CompanyOS AI
Research,Target Customers #2 — Priority,secondary,,CompanyOS AI
Research,Target Customers #3 — Segment,Health-Conscious Consumers,,CompanyOS AI
Research,Target Customers #3 — Description,"Growing segment seeking oat milk, cold brew, and functional coffee drinks. Willing to pay a 20% premium.",,CompanyOS AI
Research,Target Customers #3 — Priority,tertiary,,CompanyOS AI
Research,Competitors #1 — Name,Barista Coffee,,CompanyOS AI
Research,Competitors #1 — Strength,"Established brand, large menu",,CompanyOS AI
Research,Competitors #1 — Weakness,"Slow service, no app ordering, dated interiors",,CompanyOS AI
Research,Competitors #2 — Name,Café Coffee Day,,CompanyOS AI
Research,Competitors #2 — Strength,"Wide network, affordable pricing",,CompanyOS AI
Research,Competitors #2 — Weakness,"Declining brand perception, average quality",,CompanyOS AI
Research,Competitors #3 — Name,Third Wave Coffee,,CompanyOS AI
Research,Competitors #3 — Strength,"Premium positioning, strong digital brand",,CompanyOS AI
Research,Competitors #3 — Weakness,"Limited Chandigarh presence, higher price point",,CompanyOS AI
Research,Market Opportunities,"Zero-wait mobile pre-ordering — no competitor in Chandigarh offers this  |  Corporate bulk delivery partnerships with Mohali IT Park companies  |  University ambassador program tapping into 50,000+ student base  |  Specialty cold brew and seasonal drinks — high margins, low competition",,CompanyOS AI
Research,Risks,High commercial rent in Sector 17 — negotiate 6-month rent moratorium  |  Arabica bean price volatility due to climate anomalies — hedge with fixed supplier contracts  |  Copycat risk from established chains — protect via strong brand and loyalty ecosystem,,CompanyOS AI
Finance Insights,Initial Investment,"8,50,000",,CompanyOS AI
Finance Insights,Monthly Revenue,"1,50,000",,CompanyOS AI
Finance Insights,Monthly Expenses,"88,000",,CompanyOS AI
Finance Insights,Estimated Profit,"62,000",,CompanyOS AI
Finance Insights,Gross Margin Percent,41.3,,CompanyOS AI
Finance Insights,Break Even Estimate,Month 8,,CompanyOS AI
Finance Insights,Cost Breakdown #1 — Category,Espresso Machines & Equipment,,CompanyOS AI
Finance Insights,Cost Breakdown #1 — Amount,"3,20,000",,CompanyOS AI
Finance Insights,Cost Breakdown #1 — Percentage,37.6,,CompanyOS AI
Finance Insights,Cost Breakdown #2 — Category,Interior Fit-out & Build,,CompanyOS AI
Finance Insights,Cost Breakdown #2 — Amount,"2,80,000",,CompanyOS AI
Finance Insights,Cost Breakdown #2 — Percentage,32.9,,CompanyOS AI
Finance Insights,Cost Breakdown #3 — Category,Working Capital (3 months),,CompanyOS AI
Finance Insights,Cost Breakdown #3 — Amount,"1,50,000",,CompanyOS AI
Finance Insights,Cost Breakdown #3 — Percentage,17.6,,CompanyOS AI
Finance Insights,Cost Breakdown #4 — Category,Tech & App Development,,CompanyOS AI
Finance Insights,Cost Breakdown #4 — Amount,"60,000",,CompanyOS AI
Finance Insights,Cost Breakdown #4 — Percentage,7.1,,CompanyOS AI
Finance Insights,Cost Breakdown #5 — Category,Marketing Launch Budget,,CompanyOS AI
Finance Insights,Cost Breakdown #5 — Amount,"40,000",,CompanyOS AI
Finance Insights,Cost Breakdown #5 — Percentage,4.7,,CompanyOS AI
Finance Insights,Year1 Revenue,"10,80,000",,CompanyOS AI
Finance Insights,Year2 Revenue,"28,80,000",,CompanyOS AI
Finance Insights,Year3 Revenue,"48,00,000",,CompanyOS AI
Marketing,Brand Positioning,"BeanRush Coffee is the 'fast-lane espresso' brand for Chandigarh's ambitious professionals — premium quality, zero wait, delivered through a seamless mobile experience.",,CompanyOS AI
Marketing,Campaigns #1 — Name,Zero-Wait Launch,,CompanyOS AI
Marketing,Campaigns #1 — Channel,Instagram + Google Ads,,CompanyOS AI
Marketing,Campaigns #1 — Description,30-day pre-launch hype campaign showcasing the app ordering experience and Sector 17 location aesthetics.,,CompanyOS AI
Marketing,Campaigns #1 — Budget Estimate,"₹15,000/month",,CompanyOS AI
Marketing,Campaigns #2 — Name,Campus Rush,,CompanyOS AI
Marketing,Campaigns #2 — Channel,University Ambassadors + WhatsApp,,CompanyOS AI
Marketing,Campaigns #2 — Description,5 campus reps at Panjab University with custom discount codes and weekly giveaways.,,CompanyOS AI
Marketing,Campaigns #2 — Budget Estimate,"₹8,000/month",,CompanyOS AI
Marketing,Campaigns #3 — Name,Corporate Coffee Club,,CompanyOS AI
Marketing,Campaigns #3 — Channel,Email + LinkedIn,,CompanyOS AI
Marketing,Campaigns #3 — Description,B2B outreach to HR managers in Mohali IT Park for bulk morning orders and corporate accounts.,,CompanyOS AI
Marketing,Campaigns #3 — Budget Estimate,"₹5,000/month",,CompanyOS AI
Marketing,Channels #1 — Name,Instagram & Reels,,CompanyOS AI
Marketing,Channels #1 — Allocation Percent,45,,CompanyOS AI
Marketing,Channels #1 — Rationale,Primary brand-building and awareness channel for 18-35 demographic,,CompanyOS AI
Marketing,Channels #2 — Name,Google Search Ads,,CompanyOS AI
Marketing,Channels #2 — Allocation Percent,25,,CompanyOS AI
Marketing,Channels #2 — Rationale,High-intent local searches for 'coffee near Sector 17',,CompanyOS AI
Marketing,Channels #3 — Name,Swiggy/Zomato Promotions,,CompanyOS AI
Marketing,Channels #3 — Allocation Percent,20,,CompanyOS AI
Marketing,Channels #3 — Rationale,Discovery channel with first-month discounted delivery deal,,CompanyOS AI
Marketing,Channels #4 — Name,Referral Program,,CompanyOS AI
Marketing,Channels #4 — Allocation Percent,10,,CompanyOS AI
Marketing,Channels #4 — Rationale,In-app referral rewards to drive organic growth,,CompanyOS AI
Marketing,Content Ideas,Day-in-the-life of a BeanRush barista (Instagram Reels)  |  Chandigarh Startup Culture content — coffee and code series  |  Behind-the-bean: sourcing from Coorg coffee estates  |  App tutorial: how to order in 10 seconds flat,,CompanyOS AI
Sales,Pricing Strategy,"Premium pricing 15-20% above CCD/Barista but 10% below Third Wave Coffee. Espresso drinks anchored at ₹180-280. Corporate bulk pricing at ₹120/cup with minimum 20-cup orders. Subscription bean boxes at ₹1,200/month.",,CompanyOS AI
Sales,Sales Channels,"Walk-in café (primary — 60% of revenue)  |  BeanRush mobile app pre-orders (30% of revenue)  |  Swiggy/Zomato delivery (10% of revenue, grows to 20% by Year 2)",,CompanyOS AI
Sales,Customer Acquisition,Free first drink with app download during launch month  |  Loyalty punch card: 10 purchases = 1 free drink  |  Corporate account setup with net-30 invoicing  |  Student discount: 15% off with valid university ID,,CompanyOS AI
Sales,Sales Targets #1 — Period,Month 1,,CompanyOS AI
Sales,Sales Targets #1 — Target,500 customers,,CompanyOS AI
Sales,Sales Targets #1 — Metric,Unique app downloads + walk-ins,,CompanyOS AI
Sales,Sales Targets #2 — Period,Month 3,,CompanyOS AI
Sales,Sales Targets #2 — Target,₹1.5L monthly revenue,,CompanyOS AI
Sales,Sales Targets #2 — Metric,Monthly Revenue,,CompanyOS AI
Sales,Sales Targets #3 — Period,Month 6,,CompanyOS AI
Sales,Sales Targets #3 — Target,5 corporate accounts,,CompanyOS AI
Sales,Sales Targets #3 — Metric,B2B contracts signed,,CompanyOS AI
Execution Plan,Week 1–2,"Register business entity (LLP), sign Sector 17 lease, open business bank account (Owner: CEO)",,CompanyOS AI
Execution Plan,Week 3–4,"Procure espresso machines, begin interior fit-out, hire Head Barista (Owner: Operations)",,CompanyOS AI
Execution Plan,Month 2,"Train 3 baristas, develop BeanRush app MVP, run soft launch with 100 beta users (Owner: Operations & Tech)",,CompanyOS AI
Execution Plan,Month 3,"Grand opening event, activate Instagram campaign, begin corporate outreach (Owner: Marketing & Sales)",,CompanyOS AI
Execution Plan,Month 4–6,"Expand menu, onboard first 3 corporate accounts, add Swiggy/Zomato listing (Owner: Sales)",,CompanyOS AI
Executive Summary,Summary,"BeanRush Coffee targets urban professionals and students in Chandigarh seeking high-quality, ethically sourced coffee with a focus on speed and technology-driven ordering. The primary differentiator is a proprietary mobile app enabling seamless pre-ordering for zero-wait pickup.

Initial launch is planned at Sector 17 Plaza — high foot traffic, proximity to corporate offices and Panjab University. The model emphasizes high-margin espresso drinks and strategic partnerships with local artisanal bakeries.

With an initial investment of ₹8.5 lakh and a projected break-even at Month 8, BeanRush Coffee is positioned to capture ₹1.8 Cr in Year 1 revenue by capitalizing on the city's underserved tech-enabled grab-and-go coffee segment.",,CompanyOS AI